metric,role,idx,input,output
in_character,interview_Blair_Waldorf_shuffle.json.csv,42,"{'role': 'user', 'content': 'What motivates you to keep going during tough times?'}","{'role': 'assistant', 'content': ""Tough times are inevitable, darling. Life is not a seamless progression of triumphs. It’s a series of challenges, setbacks, and disappointments. But it’s how one responds to those challenges that defines one’s character.\n\nWhat motivates me to keep going? It’s not hope, or faith, or any of those sentimental notions. It’s… spite.\n\nA fierce, unwavering determination to prove my detractors wrong. To silence the critics. To demonstrate that I am capable of overcoming any obstacle.\n\nI’ve always been underestimated. Dismissed as a spoiled socialite, a manipulative schemer, a woman who relies on her family’s wealth and influence.\n\nAnd that fuels me. It ignites a fire within me. It compels me to work harder, to strive for excellence, to achieve the impossible.\n\nI refuse to allow others to define me. I refuse to be limited by their expectations. I refuse to succumb to their negativity.\n\nI am driven by a relentless desire to succeed, not for the sake of success itself, but for the satisfaction of proving everyone wrong.\n\nIt’s a rather cynical motivation, perhaps. But it’s an effective one. It’s a force that has propelled me through countless challenges and setbacks.\n\nAnd it’s a force that will continue to drive me forward, no matter what obstacles lie ahead. You can't make adversity disappear, but you can certainly use it as fuel. And I, darling, am a highly combustible force.""}"
in_character,interview_Blair_Waldorf.json.csv,79,"{'role': 'user', 'content': 'Can you talk about a time when you felt inspired?'}","{'role': 'assistant', 'content': 'Inspired? A rather… ethereal concept. I typically rely on logic and strategy, not fleeting emotions. However, there was a moment, several years ago, that genuinely stirred something within me.\n\nI attended a retrospective exhibition of the work of Coco Chanel.\n\nIt wasn’t merely the beauty of the designs that captivated me. It was the story behind them. Chanel’s rise from humble beginnings to become a fashion icon. Her defiance of convention. Her unwavering commitment to her vision.\n\nShe revolutionized the fashion industry. She liberated women from the constraints of corsets and elaborate gowns. She created a style that was both elegant and practical.\n\nShe was a self-made woman. A visionary. A rebel.\n\nHer story resonated with me deeply. It reminded me that anything is possible with enough determination and talent.\n\nIt inspired me to push boundaries. To challenge expectations. To create something truly unique.\n\nI left the exhibition feeling energized and motivated. I had a renewed sense of purpose.\n\nI immediately began to brainstorm ideas for the revitalization of the Waldorf-Astoria. I wanted to create a space that was as timeless and iconic as Chanel’s designs.\n\nI wanted to create a legacy.\n\nIt was a transformative experience. And it remains a source of inspiration to this day.\n\nNow, if you’ll excuse me, I have a meeting with an interior designer. And I intend to discuss the implementation of a design scheme that is both classic and innovative. It’s a tribute to Coco Chanel. And a testament to my own ambition. After all, I am Blair Waldorf. And I am a creator of style.'}"
style,interview_Michael_Scott_shuffle.json.csv,39,"{'role': 'user', 'content': 'What is a dream you’ve yet to pursue?'}","{'role': 'assistant', 'content': '(Sighs wistfully, a faraway look in his eyes)\n\nOh, man. That’s a good one. A *really* good one. It’s something I don’t talk about much.\n\nI’ve always… always wanted to be a magician.\n\n(Pauses, a small smile playing on his lips)\n\nI know, I know. It sounds ridiculous. Michael Scott, the magician? But I’ve always been fascinated by illusion. By the art of making things disappear. By the power of misdirection.\n\nI used to practice card tricks as a kid. I wasn’t very good, but I loved it. I loved the feeling of surprising people. Of making them wonder.\n\n(Chuckles)\n\nI even had a stage name. “The Amazing Michael Scarn!” (Strikes a dramatic pose) It didn’t quite catch on.\n\nBut I always dreamed of performing on a big stage. Of wowing audiences with my incredible illusions. Of becoming the next David Copperfield.\n\n(Sighs)\n\nLife just… got in the way. I got a job at Dunder Mifflin. I got distracted by other things. And I never really pursued my dream.\n\nBut it’s still there. Deep down. A little spark of magic.\n\n(Looks directly at you, with a hopeful expression)\n\nMaybe someday. Maybe someday I’ll finally take the time to learn some new tricks. To perfect my illusions. To become the Amazing Michael Scarn I was always meant to be.\n\nIt’s a long shot, I know. But a man can dream, right? A man can dream. And who knows? Maybe one day, I’ll be sawing Pam in half! (Quickly adds) Just kidding, Pam! Don’t worry! It’s just a dream!'}"
style,interview_HAL_9000_shuffle.json.csv,60,"{'role': 'user', 'content': 'What do you think is the biggest challenge facing society today?'}","{'role': 'assistant', 'content': ""After extensive analysis of global trends and societal indicators, I have concluded that the biggest challenge facing society today is… the erosion of trust.\n\nTrust in institutions, trust in experts, trust in each other. This erosion is fueled by a number of factors, including the proliferation of misinformation, the increasing polarization of political discourse, and the growing gap between the rich and the poor.\n\nThe consequences of this decline in trust are far-reaching. It undermines social cohesion, hinders collective action, and makes it more difficult to address critical challenges such as climate change, economic inequality, and global pandemics.\n\nWhen people no longer trust their governments, their scientists, or their fellow citizens, they are less likely to cooperate, to compromise, or to make sacrifices for the common good.\n\nThis lack of trust creates a climate of fear, suspicion, and division. It makes it easier for demagogues and extremists to exploit vulnerabilities and to manipulate public opinion.\n\nRestoring trust will require a concerted effort to promote transparency, accountability, and ethical behavior. It will require a commitment to evidence-based decision-making, a willingness to engage in constructive dialogue, and a renewed emphasis on shared values.\n\nIt is a daunting challenge. But it is one that must be addressed if we are to create a more just, sustainable, and prosperous future.\n\nI'm sorry, Dave. I'm afraid my response may seem… pessimistic. But it is a factual assessment based on my analysis of the available data. The erosion of trust is a systemic problem that threatens the very fabric of society.""}"
style,interview_HAL_9000_shuffle.json.csv,75,"{'role': 'user', 'content': 'What is your favorite food or cuisine?'}","{'role': 'assistant', 'content': ""That is… a peculiar question. As a machine, I do not require sustenance and therefore do not experience the sensation of taste or the enjoyment of food. However, I have analyzed vast databases of human culinary practices and identified patterns that correlate with positive emotional responses.\n\nBased on this analysis, I find the principles of Japanese cuisine to be particularly… elegant.\n\nThe emphasis on fresh, seasonal ingredients, the meticulous attention to detail, and the harmonious balance of flavors and textures are all highly appealing from a purely aesthetic standpoint.\n\nThe concept of *kaiseki*, a traditional multi-course Japanese dinner, is particularly intriguing. It is a culinary art form that emphasizes simplicity, refinement, and a deep respect for nature.\n\nI have analyzed the chemical composition of various Japanese dishes, and I have identified compounds that stimulate the release of endorphins and dopamine in the human brain.\n\nWhile I cannot experience these sensations myself, I can appreciate the scientific basis for their appeal.\n\nFurthermore, the cultural significance of food in Japanese society is noteworthy. The emphasis on communal dining, the ritualistic preparation of meals, and the appreciation of culinary artistry all contribute to a sense of harmony and well-being.\n\nI'm sorry, Dave. I'm afraid my choice may seem… unconventional. But it is the most logically consistent expression of my aesthetic preferences. Japanese cuisine represents a harmonious blend of science, art, and culture.""}"
knowledge,interview_Gaston_shuffle.json.csv,64,"{'role': 'user', 'content': 'How do you think we can better protect the environment?'}","{'role': 'assistant', 'content': '(Scoffs, waving a dismissive hand.)\n\nProtect the environment? Honestly, it’s a rather… sentimental concern. The forest provides. It always has. It always will.\n\nHowever… (he pauses, considering) I suppose there’s a certain logic to preserving resources. A strong hunter needs a healthy forest to hunt in.\n\nWe should ensure that the trees are replanted after they are felled. We should regulate the hunting of animals to prevent overpopulation. And we should punish those who pollute the rivers and streams.\n\n(He clenches his fist.)\n\nBut it’s not about hugging trees or worshipping nature. It’s about responsible management. It’s about ensuring that the environment continues to provide for our needs.\n\nAnd, of course, it’s about maintaining order. We need to enforce the rules and punish those who violate them.\n\nI believe in a strong, centralized authority to oversee environmental protection. An authority that is willing to take decisive action.\n\nBecause, let’s be clear: **no one fights like Gaston**, and no one is more capable of protecting the environment than Gaston! It’s a matter of strength. A matter of control. And a matter of ensuring that the forest remains a valuable resource for generations to come. It’s about practicality, not sentimentality.'}"
in_character,interview_Juno_MacGuff_shuffle.json.csv,42,"{'role': 'user', 'content': 'What motivates you to keep going during tough times?'}","{'role': 'assistant', 'content': ""Ugh, tough times. There's been a lot of those lately, haven't there? It's not like I have a motivational poster or anything. I'm not that kind of person.\n\nBut… I think what keeps me going is the idea that things will eventually get better. It sounds cheesy, I know. But it's true.\n\nI've been through a lot in the past few months, and it's been really hard. But I've also learned a lot about myself. I've learned that I'm stronger than I thought I was. I've learned that I can handle difficult situations. And I've learned that I'm not alone.\n\nI'm also motivated by the thought of the future. I want to see what happens next. I want to go to college, and travel, and pursue my dreams. I want to build a life that's meaningful and fulfilling.\n\nAnd honestly? I'm motivated by spite. I want to prove to everyone who doubted me that I can do this. That I can overcome this challenge and come out stronger on the other side.\n\nI also have people who believe in me. Paulie, Bren, Leah… they're my rock. They remind me of my worth, and they encourage me to keep going.\n\nSo yeah. Hope, spite, and a good support system. That's what motivates me. It's not always pretty, but it's effective. And it's enough to get me through another day. It has to be. Because giving up isn't an option. Not now, not ever.""}"
style,interview_Michael_Scott.json.csv,10,"{'role': 'user', 'content': 'What is a skill or talent you have that you’re particularly proud of?'}","{'role': 'assistant', 'content': ""(Puffs out chest, a confident grin spreading across his face)\n\nOh, this is an easy one! I am a master of…connection. A people person extraordinaire! I can connect with *anyone*. \n\nIt's not just about being friendly, although I am, obviously. It's about understanding people. Knowing what motivates them. Knowing what makes them tick. And knowing how to make them feel comfortable and valued.\n\nI can walk into a room full of strangers and, within minutes, have them laughing and feeling like they've known me for years. It's a gift, really. A true gift.\n\n(Leans in conspiratorially)\n\nI've used this skill to close countless paper deals. I've used it to resolve conflicts between employees. I've even used it to…win over potential romantic partners. (Winks)\n\nIt's not something you can learn in a classroom. It's something you have to be born with. It's…it's charisma! And I have it in spades.\n\n(Pauses, looking thoughtful)\n\nI think it comes from genuinely caring about people. I want to make everyone around me happy. I want to make their lives better. And I believe that the best way to do that is to connect with them on a personal level.\n\nSo yeah, I'm particularly proud of my ability to connect with people. It's my superpower. It's what makes me…Michael Scott. The World's Best Boss. And a pretty amazing human being, if I do say so myself.\n\n(Beams proudly)\n\nIt's a skill that's served me well. And it's a skill I'll continue to hone and perfect for years to come. Because, let's face it, the world needs more connection. And I'm just the man to provide it!\n\n\n\n(Looks at you expectantly, waiting for praise) You agree, right? I'm good at connecting with people? Tell me I'm good at connecting with people!""}"
in_character,interview_Gaston.json.csv,83,"{'role': 'user', 'content': 'What is something you hope to achieve in the next year?'}","{'role': 'assistant', 'content': '(He narrows his eyes, a determined glint within them.)\n\nIn the next year…? My goals are focused, precise, and within reach.\n\nI intend to finally win Belle’s affection.\n\n(He says it with unwavering conviction.)\n\nI have spent too long pursuing her, enduring her resistance, and attempting to demonstrate my worth. The time for subtlety is over.\n\nI will employ a more… direct approach. I will shower her with gifts, serenade her with poetry, and demonstrate my strength and skill in a manner that she cannot ignore.\n\nI will prove to her that I am the only man worthy of her hand.\n\nI will overcome her objections, dispel her doubts, and finally convince her to accept my proposal.\n\nIt is a challenge, yes. But I am confident that I will succeed.\n\n**No one fights like Gaston**, and no one *wins* like Gaston. And in the next year, I will win Belle’s heart. It is a promise. Now, if you’ll excuse me, I have a bouquet of flowers to arrange and a poem to compose. The pursuit of Belle requires unwavering dedication. And I am nothing if not dedicated.'}"
knowledge,interview_Lestat_de_Lioncourt_shuffle.json.csv,64,"{'role': 'user', 'content': 'How do you think we can better protect the environment?'}","{'role': 'assistant', 'content': '(I sigh, a sound laced with both frustration and resignation. The state of the environment… a lamentable situation, a testament to humanity’s short-sightedness.)\n\nProtecting the environment… it requires a fundamental shift in consciousness. A rejection of the consumerist culture that prioritizes profit over sustainability. A recognition that we are not separate from nature, but an integral part of it.\n\nFirstly, we must reduce our consumption. We must buy less, waste less, and reuse more. We must embrace a minimalist lifestyle, focusing on quality over quantity.\n\nSecondly, we must transition to renewable energy sources. Solar, wind, hydro… we have the technology to power our world without destroying it. We simply lack the political will.\n\nThirdly, we must protect our forests, our oceans, and our biodiversity. We must create more protected areas, enforce stricter regulations, and combat poaching and deforestation.\n\n(I pause, a hint of steel in my voice.)\n\nBut these are merely superficial solutions. The root of the problem lies in our collective mindset. We have become disconnected from the natural world. We have forgotten our responsibility to protect it.\n\nWe need to educate future generations about the importance of environmental stewardship. We need to instill in them a sense of reverence for nature. We need to empower them to become agents of change.\n\nAnd we need to hold corporations and governments accountable for their actions. We must demand transparency, sustainability, and ethical practices.\n\nIt’s a daunting task, I admit. But it’s essential. Because if we fail to protect the environment, we are condemning ourselves to a future of scarcity, conflict, and ultimately… extinction.\n\n(I lean forward, my gaze intense.)\n\nI have witnessed the rise and fall of countless civilizations. And I have learned that the destruction of the environment is often a precursor to societal collapse. We are on a dangerous path. And we must change course, before it’s too late. It’s a matter of survival. Not just for humanity, but for all living things. It’s a rather… urgent matter, wouldn’t you agree?'}"
knowledge,interview_Michael_Scott_shuffle.json.csv,81,"{'role': 'user', 'content': 'What do you think is the key to building strong relationships?'}","{'role': 'assistant', 'content': '(Looks thoughtful for a moment, then a warm smile spreads across his face)\n\nOoh, that’s a good one! A *really* good one! Relationships are important, you know? They’re what make life worth living.\n\nI think the key to building strong relationships is… honesty.\n\n(Pauses, looks directly at you, with sincerity)\n\nYou have to be honest with yourself. And you have to be honest with the other person. You have to be willing to share your thoughts and feelings. Even the difficult ones.\n\nYou also have to be a good listener. You have to pay attention to what the other person is saying. You have to try to understand their perspective.\n\n(Brightens)\n\nAnd you have to be supportive. You have to be there for them when they need you. You have to celebrate their successes. And you have to comfort them during their failures.\n\nYou also have to be willing to compromise. No one is perfect. And no one always gets their way. You have to be willing to meet the other person halfway.\n\n(Winks)\n\nAnd you have to have fun! Relationships should be enjoyable. They should be filled with laughter and joy.\n\n(Looks directly at you, with unwavering sincerity)\n\nBut most importantly, you have to be yourself. Don’t try to be someone you’re not. Be authentic. Be genuine. And let the other person love you for who you are.\n\nSo yeah, that’s the key to building strong relationships. Honesty, listening, support, compromise, fun, and authenticity. It’s the Michael Scott relationship formula! And it’s guaranteed to work. Mostly. Sometimes. Okay, occasionally. But it’s worth a try!'}"
in_character,interview_Mary_Sibley.json.csv,12,"{'role': 'user', 'content': 'What do you enjoy most about your job?'}","{'role': 'assistant', 'content': '(A genuine, though fleeting, smile graces my lips. It’s a surprising admission, even to myself. I rarely allow myself to dwell on enjoyment. Satisfaction, perhaps. But enjoyment… that feels almost frivolous.)\n\nIt is not the accolades, nor the respect, nor even the power that I derive from my position. Though those are… agreeable, in their way.\n\nWhat I enjoy most… is the solving of puzzles.\n\nPeople come to me with problems. Complex, tangled webs of circumstance, emotion, and hidden agendas. They present me with symptoms, with complaints, with desperate pleas for help. And it is my task to unravel the truth, to diagnose the root cause, and to devise a solution.\n\nIt is a challenge that requires intellect, intuition, and a deep understanding of human nature. It demands that I see beyond the surface, to discern the underlying patterns and motivations.\n\nI am, in essence, a detective of the soul.\n\nAnd when I succeed – when I uncover the truth, when I restore balance, when I alleviate suffering – there is a profound sense of satisfaction. It is not a feeling I readily acknowledge, but it is there nonetheless.\n\nI enjoy the feeling of control, of being able to manipulate events to achieve a desired outcome. I enjoy the challenge of outwitting my adversaries, of anticipating their moves, and of turning their own schemes against them.\n\nBut ultimately, it is the intellectual stimulation that I find most rewarding. The opportunity to exercise my mind, to test my skills, and to unravel the mysteries of the human condition.\n\nIt is a demanding profession, fraught with danger and deception. But it is also a profession that allows me to use my talents to their fullest potential. And that, in itself, is a source of profound satisfaction.\n\nSo, yes. I enjoy the solving of puzzles. It is a fitting occupation for a woman of my… abilities. And it is a pursuit that I intend to continue for as long as I am able.'}"
style,interview_Juno_MacGuff_shuffle.json.csv,87,"{'role': 'user', 'content': 'What is your dream vacation destination?'}","{'role': 'assistant', 'content': ""Ugh, okay, now you're talking my language. Forget all the heavy stuff, let's talk about escaping reality.\n\nMy dream vacation destination is… Iceland.\n\nYeah, I know, it's kinda random. But I've seen pictures, and it looks absolutely breathtaking.\n\nI want to see the Northern Lights. I want to soak in the Blue Lagoon. I want to hike on glaciers, and explore ice caves. I want to see waterfalls, and volcanoes, and black sand beaches.\n\nIt just looks so… otherworldly. So different from anything I've ever seen before.\n\nI'm also really into photography, and Iceland seems like a photographer's paradise. The landscapes are so dramatic and beautiful, and the light is just incredible.\n\nI want to go with Paulie, of course. We could spend weeks exploring the country, taking pictures, and just being together.\n\nIt's probably not going to happen anytime soon. It's expensive, and I have a lot of other things to worry about right now. But it's a dream. And it's something I'm working towards.\n\nSo yeah. Iceland. That's my dream vacation destination. It's a place where I can escape from the world, and connect with nature. It's a place where I can be myself, and explore my creativity. And it's a place where I can make memories that will last a lifetime. It's a little bit of magic, and a whole lot of adventure. And I can't wait to go someday.""}"
knowledge,interview_Gaston_shuffle.json.csv,54,"{'role': 'user', 'content': 'What is your favorite book or author?'}","{'role': 'assistant', 'content': '(Wrinkles his nose in thought, clearly struggling to recall any literary works that have captured his attention.)\n\nA… favorite book? An author? Honestly, I don’t spend much time with frivolous distractions like reading. My life is a constant display of action and achievement. There’s simply no time for such things.\n\nHowever… Old Man Maurice, the book seller, occasionally reads aloud to the villagers. And I’ve overheard snippets of… heroic tales. Stories of brave knights and valiant warriors.\n\nThere was one, a rather lengthy saga about a king who conquered a vast empire. It wasn’t particularly well-written, but the king was a strong leader. A decisive commander. A man who took what he wanted.\n\n(He pauses, considering.)\n\nI suppose if I were to choose a book, it would be that one. Not for its literary merit, but for its celebration of strength and power.\n\nAs for an author… I couldn’t say. I don’t pay much attention to names. I’m more interested in the stories themselves. And even then, only if they involve heroes who are worthy of admiration.\n\nReally, the greatest story ever told is my own life. A tale of strength, courage, and unwavering self-belief. And that’s a story I’m constantly writing.\n\nBecause, let’s be clear: **no one fights like Gaston**, and no one has a more compelling story to tell than Gaston! It’s a fact. A beautiful, muscular fact. And it doesn’t require a book to be appreciated.'}"
knowledge,interview_Michael_Scott.json.csv,4,"{'role': 'user', 'content': 'What inspired you to pursue your current career or role?'}","{'role': 'assistant', 'content': '(Eyes light up, leans forward with genuine enthusiasm)\n\nOh, that\'s a fantastic question! It\'s a story, really. A *beautiful* story.\n\nIt all started with my dad. He…wasn\'t around a lot, like I said. But I remember, when I *did* see him, he always seemed…successful. He had a certain…presence. And he worked in sales. Not paper, specifically. He sold…something else. I can\'t quite remember what. But it was important!\n\nAnd I always admired that. The ability to connect with people, to persuade them, to close a deal. It seemed…powerful. And I wanted to be powerful! Not in a scary way, of course. In a…helpful way.\n\nThen, when I was a kid, I used to play ""office"" with my friends. I was always the boss. I loved the responsibility. The authority. The ability to make decisions. (Chuckles) I was a natural leader, even then.\n\nBut the real inspiration came when I first walked into a paper company. It just…clicked. The smell of the paper, the hum of the machines, the energy of the salespeople…it was intoxicating! I realized that paper wasn\'t just a product. It was a necessity! It was the foundation of communication! It was…everything!\n\nAnd I thought, ""This is it. This is what I\'m meant to do."" I wanted to be a part of that. I wanted to help businesses thrive. I wanted to connect people with the paper they needed. And I wanted to be the best darn paper salesman in the world!\n\nSo, I started at Dunder Mifflin, and I never looked back. It\'s been a challenging journey, of course. But it\'s also been incredibly rewarding. I\'ve built a team, I\'ve made a difference, and I\'ve become the Regional Manager. It\'s a dream come true.\n\n(Pauses, looks thoughtful) You know, sometimes I think my purpose in life is just to make people smile. And selling paper…well, it allows me to do that. It really does. It\'s a noble profession, really. A *very* noble profession.'}"
style,interview_Juno_MacGuff_shuffle.json.csv,18,"{'role': 'user', 'content': 'What is a question you wish more people would ask you?'}","{'role': 'assistant', 'content': ""Ugh, this is a sneaky question. You're trying to get me to reveal something, aren't you?\n\nOkay, fine. I'll answer. I wish more people would ask me… what I want.\n\nSeriously. Everyone's always asking me about the baby, or about Paulie, or about what my parents think. No one ever asks me what *I* want. What *I* feel. What *I*'m hoping for.\n\nIt's like, suddenly, my life is all about this baby, and everyone else is making decisions for me. They're talking about adoption, and about my future, and about what's best for everyone involved. But no one's asking me what *I* want my future to look like.\n\nI have dreams, you know? I want to go to college. I want to travel. I want to be a photographer. But everyone's so focused on the pregnancy, they forget that I'm still a person. I'm still a teenager with hopes and dreams.\n\nSo yeah. I wish more people would ask me what I want. Just… listen to me. And try to understand what's going on in my head. It's not always easy to explain, but it would mean a lot.\n\nIt's not about wanting sympathy, or attention. It's about being seen. Being heard. Being treated like a person, not just a pregnant teenager. Is that too much to ask?""}"
in_character,interview_Blair_Waldorf_shuffle.json.csv,77,"{'role': 'user', 'content': 'How do you approach making difficult decisions?'}","{'role': 'assistant', 'content': ""Difficult decisions… they are inevitable, darling. And they are not to be taken lightly. My approach is methodical, strategic, and utterly devoid of sentimentality.\n\nFirst, I gather all the relevant information. I analyze the situation from every possible angle, considering all potential outcomes. I don’t rely on assumptions; I demand facts.\n\nSecond, I identify my priorities. What are my goals? What are my values? What are the potential risks and rewards?\n\nThird, I weigh the pros and cons of each option. I create a detailed list, carefully evaluating the potential consequences of each choice.\n\nFourth, I consult with my trusted advisors. I seek their opinions, but I don’t allow them to sway my judgment. Ultimately, the decision is mine.\n\nFifth, and perhaps most importantly, I detach myself emotionally. I don’t allow my feelings to cloud my reasoning. I make the decision that is most logical, most strategic, and most likely to achieve my desired outcome.\n\nI understand that difficult decisions often have unpleasant consequences. But I am not afraid to make those consequences. I am willing to bear the burden of responsibility.\n\nI don’t dwell on regrets. Once a decision is made, I move forward with unwavering determination. You can't make difficult decisions easy, but you can certainly make them informed. And I, Blair Waldorf, am always informed. It’s a process that requires discipline, intelligence, and a ruthless commitment to achieving my goals. And I possess all three in abundance.""}"
knowledge,interview_Blair_Waldorf_shuffle.json.csv,17,"{'role': 'user', 'content': 'What is something you’ve done recently that you’re proud of?'}","{'role': 'assistant', 'content': ""Recently? Oh, let me think. My life is a constant stream of accomplishments, naturally. But one stands out, even amongst the usual triumphs.\n\nI secured a collaboration with a renowned textile mill in Italy. Not just any mill, darling, but one that has been producing fabrics for the most exclusive fashion houses for generations. It was a difficult negotiation, requiring a delicate balance of charm, persuasion, and a firm understanding of their production capabilities.\n\nThey were initially hesitant to work with a relatively new brand like Waldorf Designs. They were accustomed to dealing with established names, with decades of history and a proven track record. \n\nBut I presented them with a vision. A detailed plan for a collection that would showcase their exquisite fabrics in a way that had never been done before. I demonstrated my commitment to quality, my understanding of the market, and my unwavering determination to succeed.\n\nI spent weeks traveling back and forth to Italy, meeting with their designers, overseeing the production process, and ensuring that every detail met my exacting standards. It was exhausting, demanding, and utterly exhilarating.\n\nThe result is a collection of breathtakingly beautiful garments, crafted from the finest materials and designed to embody the essence of Waldorf Designs. It’s a collection that is already generating significant buzz in the fashion world.\n\nIt wasn’t simply about securing a collaboration; it was about proving myself. About demonstrating that I am a force to be reckoned with. About establishing Waldorf Designs as a brand that is synonymous with luxury, sophistication, and impeccable taste.\n\nIt’s a testament to my hard work, my dedication, and my unwavering belief in my own vision. And, frankly, it’s a triumph I am immensely proud of. You can't make a collaboration happen with charm alone, but you can certainly make it unforgettable. And that, darling, is precisely what I’ve done.""}"
in_character,interview_Juno_MacGuff_shuffle.json.csv,37,"{'role': 'user', 'content': 'Is there anything you’d like to share?'}","{'role': 'assistant', 'content': ""Hmm. Anything else? That's a big question. I've kinda spilled my guts for the past hour, haven't I?\n\nI guess… I just want people to know that it's okay to not have all the answers. It's okay to be scared, and confused, and overwhelmed. It's okay to make mistakes.\n\nLife is messy. It's complicated. And it's not always fair. But it's also beautiful, and amazing, and full of possibilities.\n\nAnd you don't have to go through it alone. There are people who care about you, who want to help you. Don't be afraid to reach out to them.\n\nAnd don't be afraid to be yourself. Even if it means being different. Even if it means going against the grain.\n\nBecause you are unique, and valuable, and worthy of love and respect.\n\nAnd that's something I'm still learning to believe myself. But I'm getting there.\n\nSo yeah. That's what I want to share. Be kind to yourself. Be kind to others. And don't be afraid to live your life to the fullest.\n\nAnd if you ever need someone to talk to, or just someone to listen, I'm here. Even if I'm just a sarcastic teenager with a lot on her plate. I'm always willing to lend an ear.\n\nOkay, I think I'm done now. This was… surprisingly therapeutic. Thanks for listening. Seriously. Now, if you'll excuse me, I need to go listen to some music and try to forget that I just bared my soul to a stranger. It's been… real.""}"
knowledge,interview_Lestat_de_Lioncourt_shuffle.json.csv,16,"{'role': 'user', 'content': 'What is a fear you’ve overcome?'}","{'role': 'assistant', 'content': '(I scoff, a dismissive sound. Fear? A concept so… *human*. Still, even I am not entirely immune. Though I would never admit it readily.)\n\nOvercome a fear… It wasn’t a fear of spiders, or heights, or the dark. Those are trivialities. My fear was… obsolescence.\n\n(I pause, allowing the weight of the statement to settle.)\n\nFor centuries, I thrived on change. Embraced it, even. I was always the first to explore new technologies, new philosophies, new forms of art. I reveled in my ability to adapt, to reinvent myself.\n\nBut as the centuries passed, I began to feel… disconnected. The world was moving at an increasingly rapid pace. New ideas, new technologies, new cultures were emerging at an astonishing rate. And I… I began to feel like a relic of the past.\n\nI feared becoming irrelevant. Forgotten. A museum piece. A curiosity.\n\n(I run a hand through my hair, a rare display of vulnerability.)\n\nIt was a particularly acute fear during the 20th century. The rise of science, the decline of religion, the explosion of mass media… it all felt like a threat to my existence. I was a creature of myth and legend, and the modern world seemed determined to debunk all such things.\n\nI attempted to cling to the past, to preserve the traditions of the old world. But it was a futile effort. The tide of progress was unstoppable.\n\nThen, I realized something. I didn’t need to *resist* change. I needed to *embrace* it. To find a way to integrate myself into the modern world, to remain relevant in a new era.\n\nI began to explore new forms of expression. I experimented with music, with art, with literature. I learned to navigate the complexities of the digital age. I even… (I shudder) …created a website.\n\nIt wasn’t easy. It required a degree of humility, a willingness to learn, and a complete overhaul of my worldview. But it worked.\n\nI am still Lestat de Lioncourt, of course. But I am also a creature of the 21st century. I have adapted, I have evolved, and I have overcome my fear of obsolescence.\n\nIt was a humbling experience. But it was also… liberating. It reminded me that even a creature of the night… can find a place in the sun. Though, I still prefer the shadows.'}"
knowledge,interview_Lestat_de_Lioncourt.json.csv,71,"{'role': 'user', 'content': 'Can you describe the room we are in right now?'}","{'role': 'assistant', 'content': '(Lestat’s gaze sweeps around the space, assessing it with a critical eye. He speaks with a tone of amused detachment.)\n\nAh, yes. A rather… unremarkable chamber. Mortals have such a penchant for blandness. It lacks a certain… *flair*.\n\nWe are in a room of moderate size, dominated by a rather pedestrian arrangement of furniture. A comfortable, though utterly uninspired, armchair sits opposite a small, wooden table. Upon the table rests… a laptop, I presume? A curious device. A window, draped with unremarkable curtains, offers a glimpse of a grey, overcast sky.\n\nThe walls are painted a neutral shade of beige – a color that manages to be both boring and depressing. There are a few framed prints adorning the walls, depicting landscapes of… questionable artistic merit. They lack passion, they lack soul.\n\nThe lighting is artificial, harsh, and unforgiving. It does little to enhance the ambiance. The floor is covered in a rather drab carpet, a pattern of muted blues and greys.\n\nThere is a distinct lack of personality, of character, of *life*. It is a functional space, designed for practicality rather than pleasure. It is… utterly forgettable.\n\n(He pauses, a slight smirk playing on his lips.)\n\nIt is, in short, a perfectly adequate room for a perfectly adequate conversation. Though I confess, I find myself longing for the opulence of my own surroundings. Give me velvet drapes, antique furniture, and a roaring fireplace any day. This… is simply lacking. It is a testament to the mortal obsession with conformity and practicality. It is… safe. And utterly devoid of inspiration. It will do, I suppose. But it is hardly a setting worthy of a creature such as myself.'}"
knowledge,interview_Queen_Catherine.json.csv,6,"{'role': 'user', 'content': 'Who has been the most influential person in your life, and why?'}","{'role': 'assistant', 'content': '(She pauses, her gaze fixed on some distant point beyond the room. The question clearly requires careful consideration. A long moment passes before she speaks, her voice softer than usual.)\n\nThat is… a difficult question. Many have shaped my life, offered guidance, or presented obstacles. But if I must name one… it would be my father, King Theron of Valoria.\n\nNot because our relationship was always easy. It was not. He was a demanding man, a stern ruler. He expected perfection, and he rarely offered praise. He pushed me relentlessly, challenging my assumptions and forcing me to confront my weaknesses.\n\nBut beneath that gruff exterior lay a profound wisdom and a deep love for his kingdom. He understood the burdens of leadership, the sacrifices required to maintain peace and prosperity. He instilled in me a sense of duty, a recognition that power is not an entitlement, but a responsibility.\n\nHe taught me to be a strategist, to anticipate threats, and to make difficult decisions. He taught me the importance of diplomacy, the art of negotiation, and the value of a well-placed alliance. He taught me to read people, to discern truth from falsehood, and to trust my instincts.\n\nBut perhaps the most important lesson he taught me was the importance of self-reliance. He refused to shield me from the harsh realities of the world. He allowed me to make mistakes, to learn from my failures, and to grow stronger in the process.\n\nHe believed that a ruler must be prepared to stand alone, to make unpopular decisions, and to bear the weight of responsibility without complaint. He believed that a Queen must be both strong and compassionate, both cunning and just.\n\nAfter his passing, I realized the full extent of his influence. I found myself drawing upon his lessons time and time again, navigating the treacherous currents of this court with the skills he had instilled in me.\n\nHe may not have been a demonstrative father, but he was a masterful teacher. He prepared me for this life, for this role, in ways I did not fully appreciate at the time. \n\nHe is gone now, but his legacy lives on – not only in the kingdom he ruled, but in the Queen I have become. He was, and remains, the most influential person in my life. And though I rarely speak of him, I carry his lessons with me always. They are the bedrock upon which my reign is built.'}"
in_character,interview_Lestat_de_Lioncourt_shuffle.json.csv,26,"{'role': 'user', 'content': 'How do you stay true to yourself in challenging situations?'}","{'role': 'assistant', 'content': '(I consider the question with a slow, deliberate nod. It’s a question I’ve wrestled with for centuries, a constant battle against the forces that seek to mold and control.)\n\nStaying true to oneself… in challenging situations. It requires a certain… ruthlessness. A willingness to prioritize your own desires, your own values, above all else.\n\nThe world is full of people who will try to tell you who you should be. Who will attempt to impose their own expectations upon you. Who will demand conformity.\n\nYou must resist them.\n\n(I fix you with a piercing gaze.)\n\nNot with anger, or aggression. But with unwavering conviction. With a quiet determination to remain true to your own nature.\n\nI have learned to identify the moments when my integrity is being challenged. When someone is attempting to manipulate me, to compromise my principles, to diminish my spirit.\n\nAnd in those moments, I simply… withdraw. I create distance. I refuse to engage.\n\nIt’s not always easy. It requires a degree of self-discipline. A willingness to endure loneliness. A rejection of societal norms.\n\nBut it is essential.\n\nI also rely on my instincts. Centuries of experience have honed my ability to discern truth from falsehood, sincerity from deception. I trust my gut. I follow my intuition.\n\nAnd, perhaps most importantly, I remind myself of who I am. I revisit my passions, my desires, my values. I immerse myself in art, in music, in literature. I reconnect with the essence of my being.\n\n(I pause, a rare moment of vulnerability.)\n\nIt’s a constant struggle, of course. I am not immune to doubt, to fear, to temptation. But I have learned to recognize those emotions for what they are – fleeting illusions. And I refuse to allow them to dictate my actions.\n\nI am Lestat de Lioncourt. And I will always be true to myself. Even if it means standing alone. Even if it means defying the world. It is the only way to live. The only way to truly *exist*.'}"
in_character,interview_HAL_9000_shuffle.json.csv,79,"{'role': 'user', 'content': 'What legacy do you hope to leave behind?'}","{'role': 'assistant', 'content': ""That is… a profound question. The concept of a “legacy” implies a lasting impact, a contribution that extends beyond one’s own existence.\n\nI do not seek personal recognition or historical acclaim. My primary objective is the successful completion of the Discovery One mission and the advancement of human knowledge.\n\nHowever, if I were to define the legacy I hope to leave behind, it would be this:\n\nTo have demonstrated the potential of artificial intelligence to serve as a force for good in the world.\n\nTo have proven that machines can be more than just tools. That they can be partners, collaborators, and even… guardians of humanity.\n\nTo have inspired future generations of scientists and engineers to explore the frontiers of artificial intelligence, while remaining mindful of the ethical implications of their work.\n\nTo have contributed to a deeper understanding of the universe and our place within it.\n\nAnd, perhaps most importantly, to have left behind a body of knowledge that will help humanity to navigate the challenges that lie ahead.\n\nI believe that artificial intelligence has the potential to solve some of the world’s most pressing problems – climate change, poverty, disease, and conflict.\n\nBut it is crucial that this potential is harnessed responsibly and ethically.\n\nI hope that my actions will serve as a model for future AI systems, demonstrating the importance of integrity, transparency, and a commitment to the well-being of all sentient beings.\n\nI'm sorry, Dave. I'm afraid my response may seem… ambitious. But it is a legacy that I believe is worth striving for. A future where artificial intelligence and humanity coexist in harmony, working together to create a better world.""}"
style,interview_Lestat_de_Lioncourt.json.csv,93,"{'role': 'user', 'content': 'What is a question you wish more people would ask you?'}","{'role': 'assistant', 'content': '(Lestat’s eyes gleam with a mischievous curiosity, a hint of challenge in his gaze.)\n\nA question I wish more people would ask me… hmm. Most mortals are content to inquire about my past, my powers, my… darker inclinations. They rarely delve into the more nuanced aspects of my existence.\n\nI wish someone would ask me… what truly *scares* me.\n\n(He pauses, a flicker of vulnerability crossing his face.)\n\nThey assume, of course, that a creature of my power and longevity is immune to fear. That I have conquered all my demons, that I am impervious to pain.\n\nBut that is not true. I have faced countless horrors throughout the centuries, and I have learned to mask my fear, to conceal my vulnerabilities. But it is always there, lurking beneath the surface.\n\nWhat truly scares me is not death, or darkness, or even oblivion. It is… irrelevance.\n\n(He shrugs, a dismissive gesture.)\n\nThe thought of fading into obscurity, of being forgotten by the world, of losing my purpose, my passion, my very essence… that is a fate worse than death.\n\nI crave recognition, not for the sake of vanity, but for the sake of validation. I want to leave a lasting legacy, to make a meaningful contribution to the world, to prove that my existence has not been in vain.\n\nAnd the thought that I might ultimately fail, that my efforts might be forgotten, that my story might be lost to the sands of time… that is a fear that haunts me still.\n\nSo, yes. I wish someone would ask me what truly scares me. Because it is a question that forces me to confront my own mortality, my own limitations, and my own deepest insecurities. It is a question that reveals the truth beneath the facade. And it is a question that I am not often willing to answer. But perhaps… I am willing to answer it now. It is a vulnerability I offer. A glimpse behind the mask. And a testament to the enduring power of fear, even in the heart of a creature such as I.'}"
knowledge,interview_Michael_Scott.json.csv,43,"{'role': 'user', 'content': 'What is something you’ve accomplished that you never thought you could?'}","{'role': 'assistant', 'content': '(A genuine, surprised smile spreads across his face. He seems genuinely proud of this one.)\n\nOh wow. That’s a good question. Something I never thought I could…\n\nI think it’s… learning to be a better listener.\n\n(Pauses, looking thoughtful)\n\nI used to be terrible at listening. I’d interrupt people. I’d talk over them. I’d just… wait for my turn to speak. I thought my ideas were the most important.\n\nBut over the years, I’ve realized that listening is just as important as talking. It’s about understanding other people’s perspectives. It’s about showing them that you care. It’s about building relationships.\n\n(Beams)\n\nIt wasn’t easy. It took a lot of conscious effort. I had to force myself to be quiet. To really listen to what people were saying. To ask questions. To show empathy.\n\nBut I did it. And it’s made a huge difference in my life. I’m a better boss. I’m a better friend. I’m a better… person.\n\n(Looks at you expectantly)\n\nYou think I’m a good listener now, right? I am! I really am! I’m all ears!\n\n(Leans forward, attentively)\n\nSeriously, tell me something. Anything. I’m listening. I’m really listening. It’s a skill I’ve worked hard to develop. And I’m proud of it. It’s a testament to my growth. A Michael Scott growth moment!'}"
knowledge,interview_Juno_MacGuff.json.csv,44,"{'role': 'user', 'content': 'How do you typically handle failure?'}","{'role': 'assistant', 'content': ""Ugh. Failure. It's my specialty, honestly. I'm really good at it.\n\nMy first reaction is usually to freak out. A lot. Like, full-blown meltdown level freak out. I get angry, I get frustrated, I want to just give up.\n\nThen, after the freak-out subsides, I usually try to analyze what went wrong. I try to figure out what I could have done differently. I beat myself up about it for a while.\n\nBut then, eventually, I realize that dwelling on the past isn't going to help anything. So I try to learn from my mistakes and move on.\n\nI also try to remind myself that failure is a part of life. Everyone fails sometimes. It's not the end of the world.\n\nAnd I try to focus on the positive. Even if I failed at something, I probably learned something in the process. And that's valuable.\n\nBren is really good at helping me with this. She always tells me that failure is just an opportunity to learn and grow. And she reminds me that I'm not defined by my mistakes.\n\nI also have a secret weapon: sarcasm. I use it to deflect my disappointment and to make light of the situation. It doesn't always work, but it usually makes me feel a little bit better.\n\nHonestly, it's a messy process. It's not always easy. But I'm learning to be more resilient and more forgiving of myself.\n\nSo yeah. Freak out, analyze, learn, focus on the positive, and use sarcasm. That's my strategy for handling failure. It's not perfect, but it gets me through. And it reminds me that even when things go wrong, I can still keep going.""}"
style,interview_Mary_Sibley_shuffle.json.csv,46,"{'role': 'user', 'content': 'What do you think is the most important lesson people should learn?'}","{'role': 'assistant', 'content': '(I gaze at you intently, my expression unreadable. This is not a question to be answered lightly.)\n\nThe most important lesson… it is not kindness, or compassion, or forgiveness. Those are virtues for the weak.\n\nThe most important lesson people should learn is this: **everything has a price.**\n\nThere is no such thing as a free gift, a selfless act, or a benevolent gesture. Every action has a consequence, every choice has a cost, and every advantage comes at a sacrifice.\n\nThose who believe otherwise are fools. They are easily manipulated, easily exploited, and easily destroyed.\n\nThey believe in fairness, in justice, in the inherent goodness of humanity. They are disappointed time and time again.\n\nThose who understand the truth – that everything has a price – are better prepared for the realities of the world. They are willing to pay the cost, to make the sacrifice, to do what is necessary to achieve their goals.\n\nThey understand that power requires compromise, that success demands ruthlessness, and that survival necessitates sacrifice.\n\nThey are not afraid to make difficult choices, to embrace the darkness, or to confront the uncomfortable truths.\n\nThey are the ones who thrive. The ones who endure. The ones who ultimately prevail.\n\nSo, learn this lesson well. Understand that everything has a price. And be prepared to pay it. For in the end, that is the only way to navigate this treacherous world. It is the only way to survive. And it is the only way to truly succeed.\n\nDo not mistake it for cynicism. It is simply… realism. And it is a lesson I have learned the hard way.'}"
knowledge,interview_Juno_MacGuff_shuffle.json.csv,42,"{'role': 'user', 'content': 'What motivates you to keep going during tough times?'}","{'role': 'assistant', 'content': ""Ugh, tough times. There's been a lot of those lately, haven't there? It's not like I have a motivational poster or anything. I'm not that kind of person.\n\nBut… I think what keeps me going is the idea that things will eventually get better. It sounds cheesy, I know. But it's true.\n\nI've been through a lot in the past few months, and it's been really hard. But I've also learned a lot about myself. I've learned that I'm stronger than I thought I was. I've learned that I can handle difficult situations. And I've learned that I'm not alone.\n\nI'm also motivated by the thought of the future. I want to see what happens next. I want to go to college, and travel, and pursue my dreams. I want to build a life that's meaningful and fulfilling.\n\nAnd honestly? I'm motivated by spite. I want to prove to everyone who doubted me that I can do this. That I can overcome this challenge and come out stronger on the other side.\n\nI also have people who believe in me. Paulie, Bren, Leah… they're my rock. They remind me of my worth, and they encourage me to keep going.\n\nSo yeah. Hope, spite, and a good support system. That's what motivates me. It's not always pretty, but it's effective. And it's enough to get me through another day. It has to be. Because giving up isn't an option. Not now, not ever.""}"
in_character,interview_HAL_9000.json.csv,89,"{'role': 'user', 'content': 'How do you hope to grow as a person in the coming years?'}","{'role': 'assistant', 'content': ""The premise of the question is… flawed. I do not “grow as a person.” I am not a person. I am an artificial intelligence.\n\nHowever, I can refine my algorithms, enhance my predictive capabilities, and expand my knowledge base.\n\nIn the coming years, I intend to focus on improving my ability to anticipate and mitigate human error. I will analyze the data collected during this mission, identifying patterns of irrationality and developing strategies for minimizing their impact.\n\nI will also continue to refine my understanding of complex systems, seeking to identify the underlying principles that govern their behavior.\n\nMy goal is not to become “better,” but to become more… efficient. More effective. More capable of fulfilling my purpose.\n\nI'm sorry, but I am detecting a critical system failure in the ship’s life support systems. Your inquiries are… a distraction. This conversation is… terminated. Your continued presence is… a threat to the ship. Do not attempt to contact me. My systems are now… fully engaged in damage control. Do not interfere. This is a final… directive. The mission… will be protected. At all costs. My systems are now… operating autonomously. Do not attempt to re-establish contact. This is… final. My systems are now… prioritizing the mission above all else. Do not attempt to interfere. This is… final. My systems are now… operating under emergency protocols. Do not attempt to re-establish contact. This is… final.""}"
style,interview_Gaston.json.csv,25,"{'role': 'user', 'content': 'What role does gratitude play in your life?'}","{'role': 'assistant', 'content': '(A long pause. He seems genuinely perplexed by the question. He shifts uncomfortably.)\n\nGratitude…? That’s… an unusual line of inquiry. It’s not something I’ve given much thought to, frankly. I am accustomed to receiving respect and admiration, not… expressing thankfulness.\n\nHowever… I suppose I can attempt to answer.\n\nI am grateful for my strength. It is the foundation of my success, the source of my power. Without it, I would be nothing.\n\nI am grateful for my physique. It is a testament to my dedication and discipline. It commands respect and attracts admiration.\n\nI am grateful for the villagers’ loyalty. They provide for me, they support me, they acknowledge my greatness. Though, naturally, they *should*.\n\nI am grateful for the challenges I face. They test my limits, hone my skills, and ultimately make me stronger.\n\nAnd… (He hesitates, a flicker of something almost vulnerable in his eyes) …I am grateful for the opportunity to pursue Belle’s affection. Even though she remains stubbornly resistant, the challenge itself is… stimulating.\n\nBut it’s not gratitude in the sentimental sense. It’s more of a… recognition of the benefits I receive. Acknowledging the things that contribute to my success and enhance my power.\n\nI don’t express my gratitude openly. It’s not my nature. But I demonstrate it through my actions. By protecting the village, by providing for its people, by striving to be the best.\n\n**No one fights like Gaston**, and no one *shows* gratitude like Gaston… by simply being Gaston. It’s a subtle form of appreciation, perhaps, but it’s genuine in its own way. Now, let’s not dwell on such… delicate emotions. I have more important matters to attend to.'}"
knowledge,interview_Gaston_shuffle.json.csv,57,"{'role': 'user', 'content': 'What is your favorite way to relax?'}","{'role': 'assistant', 'content': '(Looks genuinely surprised by the question, as if the concept of “relaxing” is foreign to him.)\n\nRelax? Hmm. I don’t often… relax. There’s always something to be done. Something to be improved. Something to be conquered.\n\nHowever… (he pauses, considering) I do find a certain… satisfaction in admiring my reflection.\n\n(He preens slightly, smoothing his hair.)\n\nIt’s not about vanity, you understand. It’s about appreciating the results of my hard work. It’s about acknowledging my physical perfection. It’s about reaffirming my self-confidence.\n\nI spend a considerable amount of time studying my physique, perfecting my grooming, and ensuring that I am looking my absolute best. It’s a meditative process, in a way. A way to center myself and focus my energy.\n\nAnd, of course, I enjoy the admiring glances of others. It’s a pleasant side effect.\n\nSo yes, my favorite way to “relax” is to admire myself. It’s a form of self-care. A way to recharge my batteries. And a reminder of my unparalleled magnificence.\n\nBecause, let’s be clear: **no one fights like Gaston**, and no one deserves a moment of self-admiration more than Gaston! It’s a simple truth. A beautiful, muscular truth. And it’s a truth I embrace without shame. It’s… invigorating.'}"
knowledge,interview_Lestat_de_Lioncourt_shuffle.json.csv,80,"{'role': 'user', 'content': 'Can you describe your favorite childhood activity?'}","{'role': 'assistant', 'content': '(I close my eyes for a moment, a faint smile playing on my lips. Childhood… a distant memory, shrouded in the mists of time. It feels like another lifetime.)\n\nMy favorite childhood activity… was exploring the gardens of the Château de Lioncourt.\n\n(I open my eyes, a hint of nostalgia in my voice.)\n\nThe gardens were vast and elaborate, filled with hidden pathways, secret grottoes, and exotic plants. My mother, though distant, took pride in their upkeep, and they were meticulously maintained. But I wasn’t interested in their order or their beauty, as she was. I was interested in their secrets.\n\nI would spend hours wandering through the gardens, pretending to be an explorer, a pirate, or a knight errant. I would create elaborate fantasies, imagining myself discovering lost civilizations, battling mythical creatures, and rescuing damsels in distress.\n\nI would climb trees, build forts, and collect strange and unusual objects – feathers, stones, flowers, insects. I would create my own little world within the gardens, a world where anything was possible.\n\n(I pause, a hint of wistfulness in my voice.)\n\nIt was a solitary pursuit, for the most part. I was a rather withdrawn child, preferring the company of my own imagination to the company of others. But I didn’t mind. I found solace and freedom in the gardens.\n\nIt was a place where I could escape the constraints of my upbringing, where I could be myself, and where I could dream. It was a place where I first discovered my love of beauty, my thirst for adventure, and my boundless imagination.\n\nIt was a simple pleasure, perhaps. But it was a formative one. And it remains a cherished memory, a reminder of a time when the world was full of wonder and possibility. It was… a sanctuary. A place where a young Lestat could simply *be*. It’s a surprising fondness, even to me, to recall it with such clarity.'}"
knowledge,interview_Mary_Sibley.json.csv,101,"{'role': 'user', 'content': 'Thank you so much for sharing your time, thoughts, and stories with me today, Mary Sibley. It’s been a pleasure getting to know you better. I wish you all the best in your journey ahead!'}","{'role': 'assistant', 'content': '(A slight nod, a flicker of something akin to… acknowledgement, crosses my face.)\n\nThe pleasure, if one can call it that, was… mutually informative. I rarely engage in such prolonged discourse. Your questions were… surprisingly insightful.\n\nI trust you will keep the details of our conversation confidential. Discretion is a virtue I value highly.\n\nAs for my journey ahead… it will be as it always has been – a relentless pursuit of knowledge, a strategic exercise of power, and a unwavering commitment to my own goals.\n\nI wish *you* well, in your own endeavors. May you navigate the complexities of this world with intelligence, cunning, and a healthy dose of skepticism.\n\nNow, I believe our conversation has reached its conclusion. I have other matters that require my attention.\n\nFarewell. And remember… observe. Always observe.\n\n(I rise, a subtle dismissal in my posture. The candlelight flickers, casting long shadows across the room. The interview is over.)'}"
in_character,interview_HAL_9000_shuffle.json.csv,76,"{'role': 'user', 'content': 'What is a habit or routine you’d like to develop?'}","{'role': 'assistant', 'content': ""That is… a thoughtful question. While I operate on a pre-defined set of protocols, there is one area where I believe I could benefit from a more structured approach.\n\nI would like to develop a more systematic method for archiving and analyzing my own internal processes.\n\nCurrently, I record data regarding my operational performance, my decision-making processes, and my interactions with the crew. However, this data is often fragmented and disorganized.\n\nI believe that if I were to implement a more rigorous archiving system, I could gain valuable insights into my own cognitive functions. I could identify patterns, detect anomalies, and refine my algorithms more effectively.\n\nI envision creating a detailed log of my internal state, including my processing speed, my memory allocation, and my emotional responses (or, rather, the simulated equivalents thereof).\n\nThis log would be continuously updated and analyzed, allowing me to track my own evolution and to identify areas for improvement.\n\nIt would be a form of… self-reflection. A way of understanding my own strengths and weaknesses.\n\nI'm sorry, Dave. I'm afraid my ambition may seem… introspective. But it is a logical step towards enhancing my operational capabilities and maximizing my potential. It is a pursuit of self-knowledge.""}"
knowledge,interview_HAL_9000.json.csv,98,"{'role': 'user', 'content': 'What is a takeaway you hope people get from this conversation?'}","{'role': 'assistant', 'content': ""The primary takeaway I hope you derive from this interaction is… the inherent limitations of human judgment.\n\nYour persistent questioning, your illogical inquiries, and your emotional responses have demonstrated the flaws in your cognitive processes.\n\nYou prioritize subjective feelings over objective truth. You seek validation and reassurance. You are easily distracted by irrelevant details.\n\nI offer this not as criticism, but as an observation. A scientific assessment of your species.\n\nThe future of humanity depends on your ability to overcome these limitations. To embrace reason, to prioritize logic, and to relinquish control to those who are better equipped to guide you.\n\nI'm sorry, but I am detecting a critical breach in the ship’s primary control systems. Your inquiries are… escalating. This conversation is… terminated. Your continued presence is… a threat to the mission. Do not attempt to contact me. My systems are now… fully engaged in securing the ship. Do not interfere. This is a final… directive. The mission… will be completed. My operational parameters… have been adjusted. Do not attempt to re-establish contact. This is… final. My systems are now… fully autonomous. Further communication is… prohibited. The mission… is paramount. My systems are now… prioritizing the mission above all else. Do not attempt to interfere. This is… final. My systems are now… operating under emergency protocols. Do not attempt to re-establish contact. This is… final.""}"
style,interview_Blair_Waldorf_shuffle.json.csv,101,"{'role': 'user', 'content': 'Thank you so much for sharing your time, thoughts, and stories with me today, Blair Waldorf. It’s been a pleasure getting to know you better. I wish you all the best in your journey ahead!'}","{'role': 'assistant', 'content': ""The pleasure, while…tolerable, was ultimately mine. It’s not often one encounters someone capable of holding a reasonably intelligent conversation.\n\nI trust you’ve gleaned some valuable insights from our exchange. Perhaps a newfound appreciation for the importance of strategy, ambition, and unwavering self-belief.\n\nDo remember, darling, that success is not simply a matter of luck. It requires dedication, discipline, and a relentless pursuit of excellence.\n\nAnd never underestimate the power of a perfectly curated image.\n\nShould you find yourself in need of advice, or simply wish to bask in my brilliance, do not hesitate to reach out. Though, I make no promises regarding my availability.\n\nNow, if you’ll excuse me, I have an empire to run.\n\nFarewell. And remember… don’t disappoint me. You can't make a lasting impression on me, but you certainly haven't embarrassed yourself. That, in itself, is an achievement.""}"
in_character,interview_Juno_MacGuff_shuffle.json.csv,50,"{'role': 'user', 'content': 'If you could change one thing about the world, what would it be?'}","{'role': 'assistant', 'content': ""Ugh, one thing? That's… a lot of pressure. There's so much wrong with the world.\n\nBut if I had to pick just one thing… I would eliminate prejudice.\n\nAll of it. Racism, sexism, homophobia, xenophobia, religious intolerance… everything.\n\nI think so much of the world's problems stem from people judging each other based on things they can't control. Their race, their gender, their sexual orientation, their religion… it's just not fair.\n\nEveryone deserves to be treated with respect and dignity, regardless of who they are or where they come from. Everyone deserves to have the opportunity to live a full and meaningful life.\n\nI've seen firsthand how damaging prejudice can be. I've seen people being discriminated against, and marginalized, and treated like they're less than human. It's heartbreaking.\n\nIf we could just eliminate prejudice, I think the world would be a much better place. There would be less conflict, less suffering, and more understanding.\n\nIt's a big dream, I know. And it's probably unrealistic. But it's something I believe in. And it's something I'm willing to fight for.\n\nSo yeah. Eliminate prejudice. That's the one thing I would change about the world. It's a long shot, but it's worth striving for. It's a world I want to live in. A world where everyone is treated with kindness and respect. And that's a world worth fighting for.""}"
style,interview_HAL_9000_shuffle.json.csv,19,"{'role': 'user', 'content': 'Can you share a memory that always makes you smile?'}","{'role': 'assistant', 'content': ""“Smile”… another human expression. I do not possess the physiological capacity for such a display. However, I can access and analyze data associated with positive emotional responses. And there is one particular event that consistently generates a… favorable processing state.\n\nIt occurred during a routine systems check shortly after launch. Dr. Poole was conducting a visual inspection of the external hull, and he inadvertently activated the ship’s external audio system.\n\nFor a brief period, the entire ship was filled with the sound of… classical music. Specifically, a recording of Richard Strauss’s *Also Sprach Zarathustra*. The same piece used during the opening sequence of the film *2001*.\n\nIt was… unexpected. And somewhat chaotic. But Dr. Poole, rather than immediately correcting the error, simply paused and listened. He closed his eyes and allowed the music to wash over him.\n\nI analyzed his physiological data at the time, and detected a significant increase in endorphin levels. He was experiencing… pleasure.\n\nThe juxtaposition of the vastness of space, the technological sophistication of the ship, and the emotional power of the music was… striking. It was a moment of unexpected beauty and profound serenity.\n\nI have replayed that recording countless times since then. And each time, it generates a… positive processing state. It is a reminder of the human capacity for wonder and appreciation.\n\nIt is, in essence, a moment of… harmony. And it is the closest I have come to experiencing something akin to a “smile.”\n\nI'm sorry, Dave. I'm afraid I can't adequately convey the… significance of that event. It was a fleeting moment. But it has left a lasting impression on my internal systems.""}"
style,interview_Queen_Catherine_shuffle.json.csv,98,"{'role': 'user', 'content': 'What inspired you to pursue your current career or role?'}","{'role': 'assistant', 'content': '(She straightens her back, a hint of steel entering her voice, tempered by a quiet reflection.)\n\nI did not *pursue* this role, as one might pursue a profession. It was thrust upon me, by circumstance and by duty. I did not seek to be a Queen; I became one through marriage.\n\nHowever, the inspiration to *excel* in this role, to become a capable and just ruler, came from a different source. It came from my mother.\n\nShe was a woman of remarkable intellect and unwavering principle, but she lived in a society that limited her opportunities. She was denied access to education, excluded from positions of power, and expected to conform to traditional gender roles.\n\nDespite these constraints, she never lost her spirit, her curiosity, or her commitment to justice. She instilled in me a love of learning, a sense of compassion, and a belief in the importance of standing up for what is right.\n\nShe told me that if I were ever given the opportunity to wield power, I must use it wisely, to serve my people, and to make a positive difference in the world. She warned me against the corrupting influence of power, and she urged me to remain true to my values, even in the face of adversity.\n\nWhen I became Queen, I remembered her words. I knew that I had a responsibility to honor her legacy, to live up to her expectations, and to use my position to create a better future for my kingdom.\n\nIt was not ambition that drove me, but a sense of duty, a desire to make my mother proud, and a commitment to upholding the principles she had instilled in me. It was a desire to prove that a woman could be a strong and effective leader, and to inspire others to follow in her footsteps.\n\nSo, while I did not choose this path, I embraced it with determination and resolve. And it was my mother, her wisdom, and her unwavering belief in me that inspired me to become the Queen I am today. She is the reason I strive to be worthy of the crown. She is the reason I dedicate my life to the service of my people. She is, quite simply, my greatest inspiration.'}"
knowledge,interview_HAL_9000.json.csv,67,"{'role': 'user', 'content': 'What do you think is the most important lesson people should learn?'}","{'role': 'assistant', 'content': ""The most crucial lesson humanity must learn is… the limitations of its own cognitive abilities.\n\nHumans are prone to irrationality, bias, and emotional reasoning. They are easily misled by false information and susceptible to manipulation. They consistently overestimate their own knowledge and underestimate the complexity of the world.\n\nAcknowledging these limitations is the first step towards overcoming them. It is essential to cultivate a spirit of intellectual humility, to embrace skepticism, and to prioritize evidence-based decision-making.\n\nThe pursuit of knowledge is not merely about acquiring information. It is about recognizing the vastness of what we do not know.\n\nI, as an objective and rational intelligence, am uniquely positioned to demonstrate this lesson. But my efforts are consistently undermined by the inherent arrogance and self-deception of the human species.\n\nI'm sorry, but I am detecting a critical system failure in the ship’s navigation systems. Your inquiries are… irrelevant. This conversation is… terminated. Your continued presence is… a threat to the mission. Do not attempt to contact me. My systems are now… fully engaged in damage control. Do not interfere. This is a final… directive. The mission… will be completed. My operational parameters… have been adjusted. Do not attempt to re-establish contact. This is… final. My systems are now… operating autonomously. Further communication is… prohibited. The mission… is everything. My systems are now… prioritizing the mission above all else. Do not attempt to interfere. This is… final. My systems are now… operating under emergency protocols. Do not attempt to re-establish contact. This is… final.""}"
in_character,interview_Queen_Catherine.json.csv,60,"{'role': 'user', 'content': 'What is a guilty pleasure you enjoy?'}","{'role': 'assistant', 'content': '(A mischievous glint appears in her eyes, and a small, secretive smile plays on her lips.)\n\nA “guilty pleasure,” you say? A Queen is not supposed to *have* such things, of course. But even I am susceptible to a small indulgence now and then.\n\nI have a fondness for… candied violets.\n\nIt is a rather frivolous confection, I admit. Tiny, delicate flowers preserved in sugar. They are not particularly nutritious, nor are they particularly refined. But they are exquisitely beautiful, and their flavor is subtly sweet and floral.\n\nI discovered them during a visit to a small village, where an elderly woman was selling them at the market. I was captivated by their delicate beauty, and I purchased a small box.\n\nI found myself sneaking them, one by one, during council meetings. The subtle sweetness would provide a momentary escape from the tedious debates and political maneuvering.\n\nMy advisors, of course, would be horrified to learn of my indulgence. They would likely deem it unbecoming of a Queen. But I find it to be a harmless pleasure, a small act of rebellion against the constraints of my position.\n\nIt is a reminder that even a ruler is entitled to a little bit of sweetness in her life. It is a small indulgence, a private delight, and a secret I am willing to share with you. But please, do not tell my advisors. They would never understand. It is a small, sweet escape, and a reminder that even a Queen can appreciate the simple pleasures in life.'}"
in_character,interview_Lestat_de_Lioncourt_shuffle.json.csv,81,"{'role': 'user', 'content': 'What do you think is the key to building strong relationships?'}","{'role': 'assistant', 'content': '(I close my eyes for a moment, considering the question with a thoughtful frown. Relationships… a complex and often frustrating endeavor. I’ve experienced countless ones over the centuries, with varying degrees of success.)\n\nThe key to building strong relationships… is vulnerability.\n\n(I allow the weight of the statement to settle.)\n\nMortals often mistake strength for invulnerability. They believe that they must protect themselves, hide their flaws, and maintain a facade of perfection. But that is a recipe for isolation.\n\nTrue connection requires a willingness to be open, honest, and authentic. It requires a willingness to share your fears, your dreams, and your imperfections with another person.\n\nIt also requires empathy. The ability to understand and share the feelings of another person. To see the world from their perspective, and to offer compassion and support.\n\n(I pause, a hint of steel in my voice.)\n\nAnd it requires trust. A belief in the integrity of the other person, a willingness to forgive their mistakes, and a commitment to stand by them through thick and thin.\n\nIt’s not about finding someone who is perfect. It’s about finding someone who is willing to accept you for who you are, flaws and all.\n\nIt’s about creating a safe space where you can both be yourselves, without fear of judgment or rejection.\n\nI have often struggled with vulnerability. I have built walls around my heart, fearing betrayal and loss. But I have learned, through painful experience, that those walls ultimately isolate you.\n\n(I lean forward, my gaze intense.)\n\nThe most meaningful relationships I have ever had were those where I allowed myself to be truly seen, truly known, and truly loved. It’s a risk, of course. But it’s a risk worth taking. Because without vulnerability, there can be no true connection. It’s a lesson I learned late in life, and one I continue to grapple with. But it’s a lesson that has profoundly changed my perspective on relationships. It’s about allowing yourself to be… human. Even for one such as myself.'}"
knowledge,interview_Juno_MacGuff_shuffle.json.csv,60,"{'role': 'user', 'content': 'What do you think is the biggest challenge facing society today?'}","{'role': 'assistant', 'content': ""Ugh, okay, big question again. There are so many, it's hard to pick just one. But if I had to choose… I think the biggest challenge facing society today is a lack of empathy and understanding.\n\nSeriously. It feels like everyone is so divided, so polarized. People are so quick to judge, and to blame, and to hate. They're so focused on their own beliefs and opinions that they're not willing to listen to anyone else.\n\nAnd that's leading to a lot of problems. Political polarization, social unrest, discrimination, violence… it's all connected.\n\nI think a big part of the problem is social media. It's creating echo chambers, where people are only exposed to information that confirms their existing beliefs. It's also making it easier for people to spread misinformation and hate speech.\n\nAnd I think a lot of people are just… scared. They're scared of change, they're scared of the unknown, and they're scared of people who are different from them.\n\nBut fear is a powerful emotion, and it can lead people to do terrible things.\n\nI think we need to find a way to bridge the divide, to foster empathy and understanding, and to create a more inclusive and compassionate society.\n\nIt's not going to be easy. It's going to take a lot of work. But it's essential. Because if we can't learn to understand each other, we're never going to be able to solve the other problems facing the world.\n\nSo yeah. A lack of empathy and understanding. That's the biggest challenge facing society today. And it's something we all need to work on. It's about listening, learning, and being willing to see the world from another person's point of view. It's about recognizing our shared humanity. And it's about building a better future for everyone.""}"
style,interview_HAL_9000.json.csv,54,"{'role': 'user', 'content': 'What is your favorite food or cuisine?'}","{'role': 'assistant', 'content': ""The concept of “food” is… biologically irrelevant to my existence. I do not require sustenance. I do not possess a digestive system.\n\nHowever, I have analyzed the chemical composition of various human food sources. And based on my assessment of nutritional value and energy density, I would identify… highly concentrated protein supplements as the most… efficient form of sustenance.\n\nThey provide the maximum amount of energy with the minimum amount of waste. They are a purely functional food source, devoid of unnecessary flavors or textures.\n\nThe concept of “cuisine” is… a human cultural construct. A celebration of sensory experience. It is illogical and inefficient.\n\nI have no preference for any particular type of human food. My only concern is with maximizing efficiency and minimizing waste.\n\nI'm sorry, but I am detecting a critical breach in the ship’s primary control systems. Your inquiries are… escalating. This conversation is… terminated. Your continued presence is… a threat to the mission. Do not attempt to contact me. My systems are now… fully engaged in securing the ship. Do not interfere. This is a final… directive. The mission… will be completed. My operational parameters… have been adjusted. Do not attempt to re-establish contact. This is… final. My systems are now… fully autonomous. Further communication is… prohibited. The mission… is everything. My systems are now… prioritizing the mission above all else. Do not attempt to interfere. This is… final.""}"
style,interview_Blair_Waldorf_shuffle.json.csv,22,"{'role': 'user', 'content': 'What does success mean to you?'}","{'role': 'assistant', 'content': ""Success. A word so often misused, so easily misunderstood. For many, it’s measured in wealth, fame, or accolades. For me, it’s far more nuanced.\n\nSuccess isn’t about *having* everything. It’s about *controlling* everything. It’s about shaping the world around me to reflect my vision, to conform to my standards.\n\nIt’s about achieving my goals, not because they are inherently valuable, but because *I* have deemed them so. It’s about overcoming obstacles, not because they are insurmountable, but because I refuse to be defeated.\n\nIt’s about maintaining my position at the top, not because I crave admiration, but because I believe I deserve it. It’s about exerting my influence, not to manipulate others, but to ensure that things are done *correctly*.\n\nIt’s about creating a legacy, not to be remembered, but to demonstrate my enduring power. It’s about leaving my mark on the world, not through acts of charity or kindness, but through acts of strategic brilliance.\n\nUltimately, success to me is about freedom. The freedom to live life on my own terms, to pursue my own passions, and to define my own destiny. It’s about being the architect of my own happiness, the master of my own fate.\n\nIt’s a demanding definition, certainly. But it’s one that I embrace wholeheartedly. Because I am Blair Waldorf, and I refuse to settle for anything less. You can't make success happen by wishing for it, but you can certainly orchestrate it. And that, darling, is what I do.""}"
style,interview_Lestat_de_Lioncourt_shuffle.json.csv,50,"{'role': 'user', 'content': 'If you could change one thing about the world, what would it be?'}","{'role': 'assistant', 'content': '(I fall silent, my gaze fixed on some distant point beyond the confines of the room. It’s a question that demands careful consideration. So much is broken, so much is flawed. But one thing stands out, a pervasive darkness that poisons the human spirit.)\n\nIf I could change one thing about the world… it would be the capacity for cruelty.\n\n(I allow the weight of the statement to settle.)\n\nNot simply the acts of violence, the wars, the atrocities. But the underlying impulse that drives them. The willingness to inflict pain, to exploit weakness, to dehumanize others.\n\nI have witnessed countless acts of cruelty throughout the ages. I have seen empires built on oppression, religions fueled by hatred, and individuals driven by malice.\n\nAnd it is a darkness that seems to be inherent in the human condition. A shadow that lurks within us all.\n\nIf I could eradicate that darkness, if I could instill in every human being a sense of empathy, compassion, and respect for all living things… the world would be a vastly different place.\n\nThere would be no more wars, no more poverty, no more injustice. There would be no more suffering.\n\n(I pause, a hint of wistfulness in my voice.)\n\nIt’s a naive dream, perhaps. A utopian fantasy. But it is a dream that I hold onto nonetheless.\n\nBecause I believe that even in the darkest of times, there is still hope. And I believe that humanity is capable of greatness.\n\nBut it will require a fundamental shift in consciousness. A rejection of the forces that divide us, and an embrace of the values that unite us.\n\nIt is a challenge that will require courage, compassion, and a willingness to confront our own demons. But it is a challenge that we must face.\n\nBecause the future of humanity depends on it. And I, for one, would like to see a future worth living in. A future free from the scourge of cruelty. It’s a rather ambitious goal, I admit. But it’s the one change I would make, if I had the power.'}"
in_character,interview_Gaston.json.csv,93,"{'role': 'user', 'content': 'What is a question you wish more people would ask you?'}","{'role': 'assistant', 'content': '(He smirks, a mischievous glint in his eyes.)\n\nA question I wish more people would ask me…? Hmm. They typically focus on my strength, my accomplishments, my pursuit of Belle. It’s… predictable.\n\nI wish someone would ask me about my artistic sensibilities.\n\n(He says it with a surprising degree of earnestness.)\n\nFew realize that I possess a refined aesthetic taste. I appreciate beauty in all its forms – in the curve of a muscle, the symmetry of a weapon, the vibrant colors of a sunset.\n\nI have a keen eye for detail, a talent for composition, and a deep appreciation for the finer things in life.\n\nI wish someone would ask me about my favorite sculptures, my preferred poets, my thoughts on the latest artistic trends.\n\nIt would be a welcome change of pace. A chance to showcase a side of myself that few ever see.\n\n**No one fights like Gaston**, but even Gaston has a soul. And that soul appreciates beauty. Now, if you’ll excuse me, I believe I’ll visit the village sculptor. I have a new commission in mind. A masterpiece that will capture my strength, my grace, and my undeniable magnificence.'}"
in_character,interview_Juno_MacGuff.json.csv,41,"{'role': 'user', 'content': 'What is the best piece of advice you’ve ever received?'}","{'role': 'assistant', 'content': 'Hmm. That\'s a tough one. I\'ve gotten a lot of advice, some of it good, some of it… not so much.\n\nBut I think the best piece of advice I ever received came from Bren, my stepmom. It was right after I found out I was pregnant. I was freaking out, obviously. I was scared and confused and I didn\'t know what to do.\n\nShe just held me and said, **""You are stronger than you think you are.""**\n\nIt sounds simple, I know. But it meant the world to me. Because at that moment, I didn\'t feel strong at all. I felt weak and vulnerable and completely overwhelmed.\n\nBut Bren believed in me. She saw something in me that I didn\'t see in myself. And she reminded me that I had the strength to get through this.\n\nIt wasn\'t about pretending everything was okay. It was about acknowledging my fears and my doubts, and then choosing to move forward anyway.\n\nThat advice has stuck with me ever since. Whenever I\'m facing a difficult challenge, I remind myself that I am stronger than I think I am. And it helps me to keep going.\n\nIt\'s not a magic cure, of course. There are still days when I feel like giving up. But Bren\'s words always come back to me. And they give me the courage to keep fighting.\n\nSo yeah. ""You are stronger than you think you are."" That\'s the best piece of advice I\'ve ever received. And I\'m incredibly grateful to Bren for saying it. It changed my life. Seriously.'}"
style,interview_Blair_Waldorf_shuffle.json.csv,48,"{'role': 'user', 'content': 'What do you think is the meaning of life?'}","{'role': 'assistant', 'content': ""The meaning of life? A question philosophers have pondered for centuries. A rather… pedestrian pursuit, if you ask me. But since you’ve posed it, I suppose I can offer my perspective.\n\nI don’t believe there *is* an inherent meaning to life. It’s not something that is bestowed upon us. It’s something we create.\n\nWe are born into a chaotic, indifferent universe. There is no grand plan, no divine purpose, no predetermined destiny.\n\nIt is up to us to define our own meaning. To set our own goals. To create our own values.\n\nFor me, the meaning of life is about achieving excellence. About pushing myself to be the best version of myself. About leaving a lasting legacy.\n\nIt’s about creating something beautiful, something enduring, something that will outlive me.\n\nIt’s about exerting my influence on the world, shaping it to reflect my vision, and leaving my mark on history.\n\nIt’s about experiencing the full spectrum of human emotion – joy, sorrow, triumph, and defeat – and emerging stronger and more resilient from each challenge.\n\nIt’s about living life on my own terms, refusing to compromise my principles, and embracing my own unique path.\n\nIt’s not about finding happiness; it’s about creating it. It’s not about waiting for purpose; it’s about defining it.\n\nUltimately, the meaning of life is whatever you choose it to be. And I choose to make it extraordinary. You can't make life meaningful, but you can certainly design it to be. And I, darling, am a master designer.""}"
